Country Name,Year,Log of GDP per capita,Life Expectancy at 0 Log,Life Expectancy at 40 Log,Life Expectancy at 60 Log,Life Expectancy at 65 Log,Life Expectancy at 80 Log
Austria,2000,10.888395123205804,4.358333522438447,3.680090948080857,3.086486636822455,2.8791984572980396,2.060513531794317
Austria,2001,10.897651036478333,4.364061342882602,3.6888794541139363,3.1023420086122493,2.8986705607108596,2.0731719286662402
Austria,2002,10.907465832178252,4.3653641937725745,3.6901286735143684,3.095577608523707,2.89314568477889,2.060513531794317
Austria,2003,10.913945476525706,4.364775019108658,3.6901286735143684,3.093312601892855,2.8931456847788897,2.0412203288596382
Austria,2004,10.933070390298267,4.371729902305636,3.7013019741124933,3.1157350659486873,2.917770732084279,2.0794415416798357
Austria,2005,10.949196259069188,4.373637888826933,3.7062280924485496,3.122364924487357,2.9258461460898246,2.0918640616783932
Austria,2006,10.976418584274398,4.380531615188959,3.717223927123079,3.1376657694426577,2.9444389791664403,2.128231705849268
Austria,2007,11.010234191323775,4.384280191007279,3.7220724214697003,3.1484533605716547,2.9575110607337933,2.157559320943788
Austria,2008,11.021532240170444,4.38740846809339,3.7293013686128518,3.1548704948922883,2.9652730660692823,2.163323025660538
Austria,2009,10.982391195321666,4.386164403787822,3.7268975213014572,3.152736022363656,2.9652730660692823,2.174751721484161
Austria,2010,10.997915404982797,4.389256533356196,3.7328963395307104,3.1633631149379418,2.9780773383152703,2.191653532286764
Austria,2011,11.023398955557836,4.394238352578696,3.7400477406883357,3.175968323856924,2.990719731730447,2.2192034840549946
Austria,2012,11.025102390344033,4.39366595138213,3.7376696182833684,3.1654750481410856,2.980618635743943,2.1972245773362196
Austria,2013,11.016698103832976,4.39613397370323,3.7412346844478646,3.173878458937465,2.9882040071331994,2.2027647577118348
Austria,2014,11.016412259815556,4.4004833063329265,3.750679855019383,3.188416617383492,3.0032042883926917,2.2353763433005955
Austria,2015,11.018153338174931,4.396795090934383,3.742420221041966,3.1717842173343502,2.980618635743943,2.1972245773362196
Austria,2016,11.028290555145245,4.402337262940226,3.754198920234579,3.188416617383492,3.0007198150650303,2.2353763433005955
Austria,2017,11.043812534454581,4.40236713738718,3.750679855019383,3.184284380098582,2.995732273553991,2.2082744135228043
Austria,2018,11.063480473172968,4.402964437634883,3.751854253275325,3.186352633162641,2.998229153752578,2.2192034840549946
Austria,2019,11.076431282601133,4.405439428035133,3.7577056450437887,3.1945831322991562,3.005682604407159,2.2300144001592104
Austria,2020,11.007012672627699,4.396825131407822,3.7412346844478646,3.1612467120315646,2.9678470700644555,2.163323025660538
Belgium,2000,10.828388979540192,4.353137729958377,3.6737658163038884,3.077312260546414,2.8707357833793057,2.0476928433652555
Belgium,2001,10.83588548712621,4.356364802520063,3.680090948080857,3.08876713952118,2.884800712846709,2.0605135317943173
Belgium,2002,10.848327701666008,4.357677713064998,3.677565694213663,3.0819099697950434,2.8763855159214247,2.0347056478384444
Belgium,2003,10.854467341642051,4.358364740676177,3.6788291182604347,3.0819099697950434,2.8763855159214247,2.0149030205422647
Belgium,2004,10.88522863788986,4.36790297342656,3.6951100038645723,3.109060958860994,2.9096295745005794,2.0731719286662407
Belgium,2005,10.902680037484922,4.369200832086582,3.696351468952637,3.1112906141882632,2.91235066461494,2.0856720914304723
Belgium,2006,10.921287578304577,4.3742525924607545,3.7074558396868715,3.128951117340214,2.9338568698359038,2.128231705849268
Belgium,2007,10.950053656097163,4.379309532066557,3.716008121502189,3.1441522786722644,2.952302715626655,2.163323025660538
Belgium,2008,10.946612980481817,4.378024735245555,3.713572066704308,3.139832617527748,2.9496883350525844,2.151762203259462
Belgium,2009,10.919318506774534,4.38245337285819,3.720862499966987,3.152736022363656,2.9652730660692823,2.1804174590198384
Belgium,2010,10.936924442102944,4.3843106097908375,3.724487881581304,3.1548704948922883,2.9678470700644555,2.191653532286764
Belgium,2011,10.943041861271636,4.389317067891161,3.7316994512968646,3.169685580677429,2.9856819377004897,2.2137538792874296
Belgium,2012,10.938995937089164,4.386832142826809,3.7268975213014572,3.1570004211501135,2.970414465569701,2.186051276738094
Belgium,2013,10.93733282356333,4.389347333846582,3.7316994512968646,3.1633631149379418,2.975529566236472,2.1972245773362196
Belgium,2014,10.950394888237271,4.397996003826403,3.7471483622379123,3.188416617383492,3.0032042883926917,2.2460147415056513
Belgium,2015,10.959234467872037,4.394358816394528,3.7400477406883357,3.173878458937465,2.9882040071331994,2.21375387928743
Belgium,2016,10.966035833622465,4.399854573236352,3.7495040759303713,3.188416617383492,3.0032042883926917,2.2512917986064953
Belgium,2017,10.976820584100786,4.4005132362163515,3.750679855019383,3.188416617383492,3.005682604407159,2.2407096892759584
Belgium,2018,10.990874261655323,4.401769480158655,3.7530272739376884,3.192531849528599,3.0081547935525483,2.2460147415056513
Belgium,2019,11.009604935561976,4.406659757080113,3.7612001156935624,3.204776900488699,3.0204248861443626,2.277267285009756
Belgium,2020,10.956178419106639,4.390678126732694,3.7316994512968646,3.150596984114906,2.954910279033736,2.145931282948669
Canada,2000,10.785644166106874,4.371557388741319,3.7049988359938197,3.1157350659486873,2.920469789053444,2.151762203259462
Canada,2001,10.79335952044246,4.374473793391936,3.7111300630487563,3.126760535960395,2.928523523860541,2.157559320943788
Canada,2002,10.812063160230402,4.376143509354232,3.7123518102990785,3.128951117340214,2.9338568698359038,2.169053700369523
Canada,2003,10.820973530618858,4.37845930368316,3.717223927123079,3.1376657694426573,2.9418039315284354,2.1804174590198384
Canada,2004,10.842106797596552,4.381929068914498,3.7232808808312687,3.1463051320333655,2.954910279033736,2.186051276738094
Canada,2005,10.864235898720517,4.383434180241688,3.728100167267218,3.152736022363656,2.962692419475791,2.1972245773362196
Canada,2006,10.880137805867193,4.388799379521988,3.7364784329132155,3.169685580677429,2.9780773383152703,2.2192034840549946
Canada,2007,10.890723032599249,4.388799379521988,3.7376696182833684,3.1675825304806504,2.9780773383152703,2.2192034840549946
Canada,2008,10.88978916887947,4.391043784580802,3.7400477406883357,3.173878458937465,2.9831534913471307,2.224623551524334
Canada,2009,10.84875790109217,4.395264841168998,3.7483269127573564,3.186352633162641,2.998229153752578,2.2512917986064953
Canada,2010,10.868084409928096,4.398418982001334,3.754198920234579,3.1945831322991562,3.005682604407159,2.256541154492639
Canada,2011,10.889220237738222,4.400390518283371,3.756538102587751,3.1986731175506815,3.0106208860477417,2.2617630984737906
Canada,2012,10.895787048941603,4.40260908699414,3.7612001156935624,3.204776900488699,3.0204248861443626,2.277267285009756
Canada,2013,10.908245026309118,4.4036031539919,3.7623622308737397,3.2088254890146994,3.0204248861443626,2.277267285009756
Canada,2014,10.92656036704281,4.404086397036795,3.763522997109702,3.2088254890146994,3.022860940942244,2.277267285009756
Canada,2015,10.925436043426926,4.404468053765144,3.764682417529437,3.2108436531709366,3.0228609409422433,2.277267285009756
Canada,2016,10.92445259646426,4.405802706027163,3.768152635008444,3.2188758248682006,3.034952986707272,2.2975725511705014
Canada,2017,10.942385481421502,4.404679691099953,3.768152635008444,3.214867803470662,3.0301337002713233,2.2874714551839976
Canada,2018,10.955113402493552,4.404813804279752,3.768152635008444,3.2168738221975275,3.0325462466767075,2.292534757140544
Canada,2019,10.959400774453721,4.409446043734284,3.7750571503549883,3.2268439945173775,3.044522437723423,2.307572634505085
Canada,2020,10.896861252001967,4.40257025942245,3.765840495250065,3.2188758248682006,3.0325462466767075,2.292534757140544
Chile,2000,9.772706248093096,4.34211568336104,3.654546775033431,3.0516399054922867,2.8535925063928684,2.0980179272527715
Chile,2001,9.792202474041533,4.340853015841043,3.6597080768136565,3.058707072715379,2.859339648648436,2.1102132003465894
Chile,2002,9.812690345234872,4.349568006999722,3.664842876285695,3.068052935133617,2.8707357833793057,2.1162555148025524
Chile,2003,9.848376118849115,4.348818807832716,3.6699514442284173,3.075005454448499,2.8763855159214247,2.128231705849268
Chile,2004,9.90289195420265,4.351773591502861,3.6750340472918834,3.0819099697950434,2.887590114934288,2.1400661634962708
Chile,2005,9.949697563351764,4.356913933858807,3.6800909480808572,3.091042453358316,2.89591193827178,2.151762203259462
Chile,2006,9.998673628276226,4.360049394620384,3.685122405236224,3.100092288878234,2.9041650800285006,2.163323025660538
Chile,2007,10.039276675006967,4.354475565586591,3.6901286735143684,3.106826321059578,2.91235066461494,2.169053700369523
Chile,2008,10.066478887357935,4.362894782357855,3.6951100038645723,3.1135153092103742,2.920469789053444,2.180417459019838
Chile,2009,10.04514686463595,4.3661639854603465,3.700066643504501,3.122364924487357,2.928523523860541,2.191653532286764
Chile,2010,10.091969737795702,4.363111363560727,3.7049988359938197,3.128951117340214,2.93651291389402,2.2027647577118348
Chile,2011,10.142482610642102,4.370839289033305,3.708682081410116,3.1354942159291497,2.9444389791664403,2.2082744135228043
Chile,2012,10.192620288516586,4.369738949334723,3.713572066704308,3.1419947805322432,2.952302715626655,2.2192034840549946
Chile,2013,10.215632393117286,4.373729811023894,3.7184382563554808,3.1484533605716547,2.9601050959108397,2.2300144001592104
Chile,2014,10.22343191828844,4.3754173413339466,3.7232808808312687,3.1570004211501135,2.9678470700644555,2.235376343300596
Chile,2015,10.234507402590435,4.378846583667251,3.7268975213014572,3.1633631149379418,2.975529566236472,2.2460147415056513
Chile,2016,10.239791751111168,4.383013647416508,3.7316994512968646,3.1696855806774287,2.9806186357439426,2.2512917986064953
Chile,2017,10.237437881104489,4.386392092183521,3.7364784329132155,3.1759683238569245,2.9882040071331994,2.2617630984737906
Chile,2018,10.258708860958503,4.383687754250514,3.7412346844478646,3.1822118404966093,2.995732273553991,2.277267285009756
Chile,2019,10.249041320153072,4.386093354348643,3.7436043538031827,3.188416617383492,3.0032042883926917,2.2874714551839976
Chile,2020,10.176673503455127,4.374208653745814,3.7483269127573564,3.1945831322991562,3.0106208860477417,2.2975725511705014
Colombia,2000,9.286765088760559,4.267176792994939,3.609565647394211,3.0007198150650303,2.803360380906535,2.0731719286662407
Colombia,2001,9.287685391235128,4.269725421336724,3.6176519448255684,3.0106208860477417,2.8124102164264526,2.0856720914304723
Colombia,2002,9.297037608462185,4.27581853769825,3.624340932976365,3.017982882488811,2.8243506567983707,2.098017927252771
Colombia,2003,9.320391075387562,4.281667480221541,3.6309854756950335,3.027715319407042,2.8302678338264595,2.1041341542702074
Colombia,2004,9.357659485991329,4.286272606383389,3.6375861597263857,3.0373539482448106,2.8419981736119486,2.1162555148025524
Colombia,2005,9.390814830600808,4.291568415050559,3.6454498961866,3.0469005601283903,2.850706501503733,2.122261538862764
Colombia,2006,9.442569585772121,4.2968499372662885,3.649358695951653,3.0516399054922867,2.856470206220483,2.128231705849268
Colombia,2007,9.49510954756019,4.301859960983543,3.653252276470785,3.056356895370426,2.859339648648436,2.1400661634962708
Colombia,2008,9.515382559600894,4.30804365470831,3.657130755799356,3.0610517396746335,2.8650539499118746,2.1400661634962708
Colombia,2009,9.515065457931387,4.314042183132011,3.6609942506244004,3.068052935133617,2.8707357833793057,2.151762203259462
Colombia,2010,9.547671548174586,4.317928016764696,3.6635616461296463,3.0726933146901194,2.8763855159214247,2.157559320943788
Colombia,2011,9.604129714845039,4.3217457037889515,3.6686767467964168,3.077312260546414,2.8791984572980396,2.163323025660538
Colombia,2012,9.632480955613975,4.325416599858432,3.6712245188752153,3.0819099697950434,2.884800712846709,2.174751721484161
Colombia,2013,9.673059341776412,4.328454429751683,3.6750340472918834,3.086486636822455,2.8903717578961645,2.174751721484161
Colombia,2014,9.708139829220709,4.331298969761499,3.6788291182604347,3.091042453358316,2.8986705607108596,2.186051276738094
Colombia,2015,9.728620974207468,4.334109214552546,3.681351187693145,3.095577608523707,2.9041650800285006,2.1972245773362196
Colombia,2016,9.739374440651648,4.3369115839943,3.686376323895818,3.100092288878234,2.9069010598473755,2.1972245773362196
Colombia,2017,9.738361712114548,4.33919741869846,3.6888794541139363,3.104586678466073,2.91235066461494,2.2082744135228043
Colombia,2018,9.745290303463285,4.3405273274958525,3.6975913947159578,3.1179499062782403,2.9231615807191558,2.2192034840549946
Colombia,2019,9.758800041188342,4.340579444759708,3.6988297849671046,3.1179499062782403,2.928523523860541,2.2300144001592104
Colombia,2020,9.669865053956961,4.314403360574386,3.7013019741124933,3.120159851929043,2.928523523860541,2.2300144001592104
Costa Rica,2000,9.548546125901956,4.35138699854177,3.6951100038645723,3.1135153092103742,2.917770732084279,2.1804174590198384
Costa Rica,2001,9.564940321402046,4.350858413011416,3.6988297849671046,3.1179499062782403,2.9258461460898246,2.186051276738094
Costa Rica,2002,9.582023173712455,4.35649085421737,3.7037680666076866,3.126760535960395,2.9311937524164198,2.1972245773362196
Costa Rica,2003,9.608930765291452,4.35763147783916,3.7062280924485496,3.131136910560194,2.9418039315284354,2.2082744135228043
Costa Rica,2004,9.637524783761343,4.360943437798358,3.7111300630487563,3.1376657694426573,2.94706710157271,2.2137538792874296
Costa Rica,2005,9.662064008716312,4.363162317027485,3.714790835898437,3.1419947805322432,2.954910279033736,2.224623551524334
Costa Rica,2006,9.718765891795613,4.363276952836015,3.7184382563554808,3.150596984114906,2.9601050959108397,2.235376343300596
Costa Rica,2007,9.784177110300488,4.36261443115242,3.7232808808312687,3.1570004211501135,2.9678470700644555,2.2460147415056513
Costa Rica,2008,9.816908942434853,4.3623977422849185,3.7256934272366524,3.1612467120315646,2.975529566236472,2.2512917986064953
Costa Rica,2009,9.79477205075656,4.365287310669584,3.7293013686128518,3.1696855806774287,2.9831534913471307,2.2617630984737906
Costa Rica,2010,9.834582428984929,4.365261888341151,3.7232808808312687,3.1570004211501135,2.9678470700644555,2.2460147415056513
Costa Rica,2011,9.865917253539841,4.373843241865862,3.7220724214697003,3.1570004211501135,2.9678470700644555,2.2460147415056513
Costa Rica,2012,9.90192095706599,4.373023729870882,3.7268975213014572,3.1612467120315646,2.975529566236472,2.2512917986064953
Costa Rica,2013,9.915429651471952,4.374536150914631,3.7293013686128518,3.1654750481410856,2.9780773383152703,2.256541154492639
Costa Rica,2014,9.93948786749989,4.366582993180028,3.7316994512968646,3.1696855806774287,2.9831534913471307,2.256541154492639
Costa Rica,2015,9.96473294492875,4.370535867958384,3.734091796935484,3.1717842173343502,2.9856819377004897,2.2617630984737906
Costa Rica,2016,9.995805848844537,4.37524116535886,3.7364784329132155,3.175968323856924,2.9882040071331994,2.2617630984737906
Costa Rica,2017,10.027098290102776,4.374208653745814,3.738859386418957,3.1801349965517702,2.990719731730447,2.2669579153508943
Costa Rica,2018,10.04387609334009,4.37555574354357,3.7412346844478646,3.1801349965517702,2.995732273553991,2.2669579153508943
Costa Rica,2019,10.059380835434036,4.374838360826898,3.7436043538031827,3.184284380098582,2.998229153752578,2.272125885509337
Costa Rica,2020,10.008777384545924,4.372948048740675,3.744787086052232,3.188416617383492,3.0007198150650303,2.277267285009756
Czechia,2000,10.28877845258053,4.317065259879636,3.5959414584546674,2.952302715626655,2.7376090033437546,1.9021075263969203
Czechia,2001,10.321290434994426,4.3197943950900015,3.6014134283326604,2.962692419475791,2.7472709142554916,1.9021075263969203
Czechia,2002,10.338240660526395,4.320443092881235,3.6041382256588457,2.962692419475791,2.7472709142554916,1.8870696490323797
Czechia,2003,10.371002157353983,4.319761949211444,3.6000482404073204,2.9575110607337933,2.740840023925201,1.8562979903656263
Czechia,2004,10.416973764795532,4.327068094894477,3.6136169696133895,2.980618635743943,2.766319109226186,1.9021075263969203
Czechia,2005,10.47739117718028,4.329737979816257,3.6189933266497696,2.9882040071331994,2.775708849576025,1.9095425048844386
Czechia,2006,10.538813905643957,4.3376095166847355,3.6336309798834576,3.0106208860477417,2.806386101823072,1.9671123567059163
Czechia,2007,10.586413329833599,4.340219653129807,3.6428355156125294,3.0252910757955354,2.8213788864092133,2.0014800002101243
Czechia,2008,10.603906514986269,4.343488615312154,3.648057459593681,3.0373539482448106,2.8361502037295256,2.0215475632609334
Czechia,2009,10.549036579312391,4.344818529006762,3.649358695951653,3.034952986707272,2.833213344056216,2.008214032391468
Czechia,2010,10.572907679191346,4.349301850335842,3.657130755799356,3.0469005601283903,2.847812143477369,2.0347056478384444
Czechia,2011,10.5884087757385,4.355081487008292,3.664842876285695,3.056356895370426,2.856470206220483,2.0541237336955462
Czechia,2012,10.57927298744306,4.357677713064998,3.667400422436812,3.058707072715379,2.859339648648436,2.0541237336955462
Czechia,2013,10.578523076527697,4.358957703249526,3.6699514442284173,3.0610517396746335,2.8622008809294686,2.060513531794317
Czechia,2014,10.599674083836643,4.367222469784331,3.685122405236224,3.084200921541599,2.887590114934288,2.0980179272527715
Czechia,2015,10.646105507026698,4.364092382821765,3.680090948080857,3.0703758165497566,2.8707357833793057,2.060513531794317
Czechia,2016,10.669666301456466,4.369787405824913,3.6913763343125234,3.093312601892855,2.89591193827178,2.1102132003465894
Czechia,2017,10.717451677127924,4.36916995031149,3.6901286735143684,3.086486636822455,2.8903717578961645,2.0918640616783932
Czechia,2018,10.74201733255086,4.3698182685380615,3.6901286735143684,3.091042453358316,2.8903717578961645,2.0980179272527715
Czechia,2019,10.773116191120934,4.372345779670085,3.6975913947159578,3.100092288878234,2.9041650800285006,2.1102132003465894
Czechia,2020,10.716176250827285,4.358957703249526,3.667400422436812,3.0516399054922867,2.8419981736119486,1.9947003132247452
Denmark,2000,10.957453072628544,4.338501549076874,3.6428355156125294,3.0228609409422433,2.8183982582710754,2.0541237336955462
Denmark,2001,10.963325394339343,4.341109361265779,3.6454498961866,3.0301337002713233,2.8183982582710754,2.0412203288596382
Denmark,2002,10.964685433565123,4.342442440819493,3.646754527813265,3.0301337002713233,2.8213788864092133,2.028148247292285
Denmark,2003,10.966366539622713,4.345672540559352,3.654546775033431,3.042138646368147,2.8361502037295256,2.0412203288596382
Denmark,2004,10.991167317010406,4.3501835180955855,3.664842876285695,3.0587070727153796,2.859339648648436,2.0731719286662407
Denmark,2005,11.011734503427425,4.354705570742351,3.6724959748634123,3.0726933146901194,2.8678989020441064,2.0794415416798357
Denmark,2006,11.045902664955468,4.357927595868105,3.676300671907076,3.075005454448499,2.8735646395797834,2.066862759472976
Denmark,2007,11.051291334988896,4.359207266449594,3.676300671907076,3.0819099697950434,2.8820035082256483,2.0918640616783932
Denmark,2008,11.041235348644282,4.362414842782468,3.686376323895818,3.091042453358316,2.89314568477889,2.1102132003465894
Denmark,2009,10.984859868881093,4.364340668164892,3.6888794541139363,3.095577608523707,2.8986705607108596,2.1102132003465894
Denmark,2010,10.996122895967217,4.370712874773608,3.6938669956249757,3.104586678466073,2.9096295745005794,2.1162555148025524
Denmark,2011,11.005028388321005,4.379523504455763,3.708682081410116,3.1245651453969594,2.928523523860541,2.151762203259462
Denmark,2012,11.0012113411049,4.382666673680211,3.713572066704308,3.131136910560194,2.93651291389402,2.163323025660538
Denmark,2013,11.010872976298977,4.385769620952716,3.7184382563554808,3.139832617527748,2.94706710157271,2.151762203259462
Denmark,2014,11.018501466480538,4.390738575275903,3.7293013686128518,3.152736022363656,2.9678470700644555,2.1972245773362196
Denmark,2015,11.032263004148753,4.390768798115347,3.7281001672672174,3.152736022363656,2.962692419475791,2.169053700369523
Denmark,2016,11.054726807963629,4.392640835957887,3.7328963395307104,3.1570004211501135,2.970414465569701,2.186051276738094
Denmark,2017,11.078400273600034,4.395713034898494,3.7376696182833684,3.1612467120315646,2.970414465569701,2.180417459019838
Denmark,2018,11.09187109337122,4.393876874161056,3.7340917969354845,3.1548704948922883,2.962692419475791,2.163323025660538
Denmark,2019,11.105258998700164,4.400004307434433,3.744787086052232,3.169685580677429,2.9806186357439426,2.2082744135228047
Denmark,2020,11.084381182343941,4.401859151474346,3.7483269127573564,3.173878458937465,2.9856819377004893,2.2082744135228047
Estonia,2000,9.938886198290357,4.254435750380913,3.518980417318539,2.9041650800285006,2.7013612129514133,1.9387416595767009
Estonia,2001,10.00239910143706,4.2521818181266005,3.5160130560907366,2.91235066461494,2.7113779911948845,1.9242486522741338
Estonia,2002,10.075765725051745,4.261339233004913,3.5263605246161616,2.915064370486536,2.714694743820879,1.916922612182061
Estonia,2003,10.155258037474052,4.267135754155102,3.5336865647082343,2.917770732084279,2.7180005319553784,1.9021075263969205
Estonia,2004,10.227030492001072,4.275411945368976,3.5467396869528134,2.9338568698359033,2.7343675094195836,1.9387416595767006
Estonia,2005,10.323717964057959,4.28452808648718,3.5596246182566738,2.9496883350525844,2.7472709142554916,1.9387416595767006
Estonia,2006,10.422763915210306,4.286223955499149,3.5624655292582776,2.954910279033736,2.760009940032921,1.9530276168241774
Estonia,2007,10.500305948014491,4.287916953545076,3.5681232529781366,2.962692419475791,2.7631695003232895,1.9947003132247452
Estonia,2008,10.450374039016802,4.300962063648701,3.590439381300684,2.9831534913471307,2.7911651078127164,2.0149030205422647
Estonia,2009,10.294123704136089,4.315143904557546,3.6109179126442243,3.0106208860477417,2.8154087194227095,2.0412203288596382
Estonia,2010,10.32060649252062,4.323195373301454,3.6256733782101436,3.017982882488811,2.8273136219290276,2.0541237336955462
Estonia,2011,10.396957618840819,4.333745487239698,3.6389010843076948,3.0516399054922867,2.859339648648436,2.1041341542702074
Estonia,2012,10.436599150479552,4.335024505186017,3.644143560272545,3.0516399054922867,2.865053949911875,2.122261538862764
Estonia,2013,10.457570533829067,4.3456409234323905,3.655839600035736,3.0633909220278057,2.8763855159214247,2.134166441369082
Estonia,2014,10.492880856934866,4.344248782515858,3.6584202466292277,3.065724645374026,2.879198457298039,2.128231705849268
Estonia,2015,10.510440003377452,4.351441696347238,3.6686767467964168,3.0819099697950434,2.89591193827178,2.169053700369523
Estonia,2016,10.54061034206795,4.35210160678366,3.6724959748634123,3.0887671395211806,2.9041650800285006,2.163323025660538
Estonia,2017,10.594216122614332,4.357896363980289,3.6750340472918834,3.086486636822455,2.9014215940827497,2.157559320943788
Estonia,2018,10.627064713761182,4.359830902294566,3.676300671907076,3.086486636822455,2.8986705607108596,2.163323025660538
Estonia,2019,10.659938088136222,4.364961111702707,3.686376323895818,3.106826321059578,2.915064370486536,2.191653532286764
Estonia,2020,10.628700406528107,4.364309635804419,3.6826098411003407,3.1023420086122493,2.917770732084279,2.1804174590198384
Finland,2000,10.755768651226818,4.349837241332027,3.6674004224368124,3.068052935133617,2.8622008809294686,2.0215475632609334
Finland,2001,10.779551866249212,4.3562709572490155,3.677565694213663,3.0819099697950434,2.8763855159214247,2.0476928433652555
Finland,2002,10.793860546555333,4.358239861749351,3.6788291182604347,3.084200921541599,2.8791984572980396,2.0412203288596382
Finland,2003,10.811394277842519,4.361419415450411,3.685122405236224,3.095577608523707,2.89591193827178,2.0668627594729756
Finland,2004,10.84776321186722,4.365829086675825,3.696351468952637,3.120159851929043,2.9231615807191558,2.1162555148025524
Finland,2005,10.871735141691273,4.3671296379893585,3.6988297849671046,3.131136910560194,2.9391619220655967,2.1400661634962708
Finland,2006,10.907306269884767,4.372161056372865,3.7074558396868715,3.1376657694426577,2.94706710157271,2.151762203259462
Finland,2007,10.954816771597061,4.372776668212057,3.709906821306012,3.1441522786722644,2.9496883350525844,2.157559320943788
Finland,2008,10.957974984345423,4.376615680328778,3.717223927123079,3.1548704948922883,2.9652730660692823,2.180417459019838
Finland,2009,10.868984146927088,4.378514376409666,3.720862499966987,3.1570004211501135,2.9652730660692823,2.186051276738094
Finland,2010,10.895600531996738,4.380409474149384,3.7232808808312687,3.1570004211501135,2.970414465569701,2.1804174590198384
Finland,2011,10.914587665563166,4.387893537070597,3.7316994512968646,3.1675825304806504,2.9806186357439426,2.2027647577118348
Finland,2012,10.894484025007701,4.389831463478709,3.7340917969354845,3.1675825304806504,2.980618635743943,2.1972245773362196
Finland,2013,10.880031066561742,4.39414799525442,3.7400477406883357,3.1801349965517702,2.990719731730447,2.2192034840549946
Finland,2014,10.871103317274162,4.396674920261878,3.744787086052232,3.1801349965517702,2.9932291433358724,2.224623551524334
Finland,2015,10.872463666074562,4.400363578085898,3.7495040759303713,3.188416617383492,3.0007198150650303,2.224623551524334
Finland,2016,10.894983615745119,4.399734769684032,3.7495040759303713,3.184284380098582,2.998229153752578,2.2192034840549946
Finland,2017,10.925136725105956,4.402217756594291,3.754198920234579,3.1945831322991562,3.0081547935525483,2.235376343300596
Finland,2018,10.93566949311222,4.403471862408097,3.756538102587751,3.196630215920881,3.0106208860477417,2.2353763433005955
Finland,2019,10.947974682274127,4.406511016195425,3.765840495250065,3.2088254890146994,3.022860940942244,2.2617630984737906
Finland,2020,10.92131239440635,4.4058860627013985,3.7623622308737397,3.2068032436339315,3.0204248861443626,2.256541154492639
France,2000,10.733805522200818,4.370157696164563,3.7062280924485496,3.1419947805322432,2.9496883350525844,2.174751721484161
France,2001,10.745332106425263,4.371452633827758,3.708682081410116,3.1463051320333655,2.9575110607337933,2.169053700369523
France,2002,10.748682676865451,4.3727458966696275,3.709906821306012,3.1463051320333655,2.954910279033736,2.163323025660538
France,2003,10.751258025867095,4.370897865879145,3.7062280924485496,3.139832617527748,2.94706710157271,2.128231705849268
France,2004,10.772210633606777,4.38406723410894,3.7281001672672174,3.1780538303479458,2.990719731730447,2.2192034840549946
France,2005,10.783401320462646,4.38406723410894,3.7281001672672174,3.175968323856924,2.9882040071331994,2.2082744135228043
France,2006,10.80321680385468,4.392127883841278,3.7412346844478646,3.2007118542405295,3.017982882488811,2.2669579153508947
France,2007,10.822024499379506,4.395833321210064,3.7483269127573564,3.2088254890146994,3.0301337002713233,2.2874714551839976
France,2008,10.820238799356996,4.397095454451492,3.750679855019383,3.2128577525426376,3.0325462466767075,2.292534757140544
France,2009,10.786453195237817,4.3995550375624095,3.755369195382769,3.2188758248682006,3.0421386463681466,2.302585092994046
France,2010,10.801329242400062,4.4026061002266035,3.7600366484302645,3.228826155721369,3.0516399054922867,2.322387720290225
France,2011,10.820585986331247,4.408116248442572,3.770459441106359,3.242592351485517,3.070375816549757,2.3513752571634776
France,2012,10.817585502219709,4.406332497852193,3.764682417529437,3.232778730037192,3.056356895370426,2.322387720290225
France,2013,10.82020351758584,4.409392648589082,3.7716108517114013,3.2406373166497136,3.065724645374026,2.341805806147327
France,2014,10.825383913671697,4.415455513740797,3.7819143200811256,3.2561716096118976,3.084200921541599,2.3749057545736716
France,2015,10.832439271775707,4.4106377941117465,3.7727609380946383,3.2406373166497136,3.065724645374026,2.33214389523559
France,2016,10.838364122699277,4.413684818200716,3.7784916128036232,3.248434627109745,3.075005454448499,2.3513752571634776
France,2017,10.856084146586976,4.413714355566877,3.7784916128036232,3.246490991901174,3.075005454448499,2.34660197841082
France,2018,10.868824305369385,4.414924634226204,3.7819143200811256,3.250374491927572,3.079613757534693,2.3561258599220753
France,2019,10.885570388234648,4.416752033906451,3.7853253523821886,3.254242968705492,3.084200921541599,2.3702437414678603
France,2020,10.805004728867228,4.40885853978439,3.768152635008444,3.2268439945173775,3.0469005601283903,2.302585092994046
Germany,2000,10.818458476647052,4.355770300129237,3.676300671907076,3.079613757534693,2.873564639579784,2.0794415416798357
Germany,2001,10.833009163031054,4.360921329959288,3.6826098411003407,3.08876713952118,2.887590114934288,2.0918640616783932
Germany,2002,10.829042167236658,4.359643852336105,3.6826098411003407,3.086486636822455,2.884800712846709,2.0731719286662402
Germany,2003,10.823175153113654,4.361575016278529,3.6838669122903918,3.08876713952118,2.8820035082256483,2.0541237336955462
Germany,2004,10.83494889713823,4.365395193298284,3.6975913947159578,3.1112906141882632,2.91235066461494,2.1102132003465894
Germany,2005,10.844334659232906,4.368583014298481,3.7013019741124933,3.1157350659486873,2.917770732084279,2.1102132003465894
Germany,2006,10.883295231981721,4.371113645528869,3.711130063048756,3.1333179365065544,2.93651291389402,2.145931282948669
Germany,2007,10.913123729750906,4.376186443156368,3.716008121502189,3.139832617527748,2.94706710157271,2.169053700369523
Germany,2008,10.924087998289249,4.378728518989667,3.7184382563554808,3.1419947805322432,2.9496883350525844,2.169053700369523
Germany,2009,10.869573435030665,4.37998186267679,3.720862499966987,3.1484533605716547,2.954910279033736,2.169053700369523
Germany,2010,10.911736364199783,4.381874184053876,3.724487881581304,3.152736022363656,2.962692419475791,2.191653532286764
Germany,2011,10.967164289099834,4.387469114600168,3.7268975213014572,3.152736022363656,2.9652730660692823,2.174751721484161
Germany,2012,10.970018711898662,4.38874184199012,3.7281001672672174,3.1548704948922883,2.9652730660692823,2.169053700369523
Germany,2013,10.971144516343756,4.3881359832911375,3.7268975213014572,3.152736022363656,2.962692419475791,2.163323025660538
Germany,2014,10.988438745068086,4.395562656721088,3.738859386418957,3.1717842173343502,2.9856819377004893,2.2082744135228047
Germany,2015,10.996173828524356,4.390012951603832,3.7293013686128518,3.152736022363656,2.9678470700644555,2.169053700369523
Germany,2016,11.010789424679016,4.394328701739263,3.7364784329132155,3.1675825304806504,2.980618635743943,2.2027647577118348
Germany,2017,11.033850130189428,4.394358816394528,3.7364784329132155,3.1654750481410856,2.9780773383152703,2.191653532286764
Germany,2018,11.041947432027365,4.393123374114888,3.7340917969354845,3.159125820462427,2.972975286431375,2.191653532286764
Germany,2019,11.049522689117936,4.398056011642436,3.7436043538031827,3.173878458937465,2.9882040071331994,2.2192034840549946
Germany,2020,11.006892256050783,4.394960917650042,3.7364784329132155,3.1633631149379418,2.975529566236472,2.1972245773362196
Greece,2000,10.353235566814758,4.355269392226345,3.6926224403927708,3.093312601892855,2.8875901149342877,2.0731719286662402
Greece,2001,10.393491942021944,4.361668365257207,3.7013019741124933,3.1135153092103742,2.9096295745005794,2.1102132003465894
Greece,2002,10.435594139732522,4.364899084643386,3.702535780561422,3.1112906141882632,2.9096295745005794,2.1102132003465894
Greece,2003,10.48955801282344,4.367439043882927,3.7037680666076866,3.1112906141882632,2.9096295745005794,2.0980179272527715
Greece,2004,10.539466308353076,4.369941710119507,3.708682081410116,3.1245651453969594,2.9231615807191558,2.122261538862764
Greece,2005,10.548299392016437,4.372468909664702,3.714790835898437,3.133317936506554,2.9338568698359038,2.134166441369082
Greece,2006,10.60773925528735,4.374989738568855,3.7184382563554808,3.139832617527748,2.9418039315284354,2.134166441369082
Greece,2007,10.63965948272896,4.374989738568855,3.714790835898437,3.1333179365065544,2.9338568698359033,2.122261538862764
Greece,2008,10.637579475122545,4.381264148930496,3.724487881581304,3.1484533605716547,2.954910279033736,2.145931282948669
Greece,2009,10.592883985829623,4.384371444457481,3.730501128804756,3.1612467120315646,2.9678470700644555,2.157559320943788
Greece,2010,10.532972553991963,4.386862484083241,3.735285826928092,3.1675825304806504,2.975529566236472,2.163323025660538
Greece,2011,10.430459736558054,4.3911314017030545,3.7364784329132155,3.1717842173343502,2.9806186357439426,2.1804174590198384
Greece,2012,10.348879882174565,4.389922211658513,3.7316994512968646,3.1633631149379418,2.970414465569701,2.163323025660538
Greece,2013,10.333147817166184,4.3979659985064705,3.7471483622379123,3.188416617383492,3.0032042883926917,2.2300144001592104
Greece,2014,10.347699984202295,4.399195476133475,3.7495040759303713,3.192531849528599,3.0081547935525483,2.2353763433005955
Greece,2015,10.352002968389534,4.394900723934259,3.7412346844478646,3.1780538303479458,2.990719731730447,2.191653532286764
Greece,2016,10.35584409574898,4.39922544458576,3.750679855019383,3.1945831322991562,3.0106208860477417,2.240709689275958
Greece,2017,10.372445727046955,4.397996003826403,3.7459684210980635,3.1822118404966093,2.995732273553991,2.2082744135228047
Greece,2018,10.39491100041257,4.404128147897911,3.756538102587751,3.202746442938317,3.0204248861443626,2.2617630984737906
Greece,2019,10.418480793110033,4.402307387723254,3.753027273937688,3.196630215920881,3.013080911888604,2.2353763433005955
Greece,2020,10.324157316458743,4.397996003826403,3.7436043538031827,3.1801349965517702,2.9932291433358724,2.21375387928743
Hungary,2000,10.004343367748904,4.266143469900586,3.5234150143864045,2.9014215940827497,2.6979998652487085,1.9242486522741338
Hungary,2001,10.046570003740994,4.280115447818948,3.535145354171894,2.917770732084279,2.714694743820879,1.9387416595767009
Hungary,2002,10.095740703621583,4.281498597233982,3.536602018668358,2.920469789053444,2.714694743820879,1.9242486522741338
Hungary,2003,10.138539434589832,4.280824129164719,3.5322256440685598,2.9096295745005794,2.7047112998366956,1.9021075263969205
Hungary,2004,10.189587998250499,4.285636603777675,3.543853682063679,2.9258461460898246,2.7311154740332064,1.9459101490553132
Hungary,2005,10.233623096445616,4.285636603777675,3.5409593240373143,2.9258461460898246,2.7245795030534206,1.9315214116032138
Hungary,2006,10.273882252328661,4.2917950006724155,3.5553480614894135,2.94706710157271,2.750470916986162,1.9878743481543455
Hungary,2007,10.278201291927946,4.292528798687386,3.5567756134805992,2.952302715626655,2.7568403652716422,1.9947003132247452
Hungary,2008,10.289941635508432,4.300035892541866,3.56953269648137,2.9652730660692823,2.772588722239781,2.0215475632609334
Hungary,2009,10.223234717353987,4.302778834571341,3.573749146860305,2.970414465569701,2.7788192719904172,2.0281482472922856
Hungary,2010,10.236199892811872,4.306862758114646,3.580737295494233,2.972975286431375,2.7819200496686656,2.0215475632609334
Hungary,2011,10.257529756454245,4.315600153661108,3.587676948604774,2.9806186357439426,2.791165107812717,2.0476928433652555
Hungary,2012,10.25011306158055,4.318333284678539,3.5931942039795284,2.980618635743943,2.7850112422383386,1.9947003132247452
Hungary,2013,10.270731441936649,4.325004509987321,3.6054978451748854,2.9932291433358724,2.800325477211381,2.0149030205422647
Hungary,2014,10.314876240551587,4.327615519535832,3.609565647394211,2.998229153752578,2.8094026953624978,2.0347056478384444
Hungary,2015,10.35365726678373,4.325036786214226,3.6041382256588457,2.9856819377004897,2.7942278973432626,2.0014800002101243
Hungary,2016,10.37837966770298,4.331567395391966,3.616308761279101,3.0032042883926917,2.8124102164264526,2.0476928433652555
Hungary,2017,10.42287073056339,4.328323506995433,3.6109179126442243,2.990719731730447,2.800325477211381,2.0215475632609334
Hungary,2018,10.476373760231292,4.331599460622116,3.6149637711637683,2.9932291433358724,2.806386101823072,2.0347056478384444
Hungary,2019,10.5243225565742,4.334928635610171,3.6230067099632284,3.0032042883926917,2.8154087194227095,2.0476928433652555
Hungary,2020,10.480564930798206,4.325036786214226,3.6014134283326604,2.9652730660692823,2.7694588292308535,1.9947003132247452
Iceland,2000,10.773305157066593,4.37768796800677,3.714790835898437,3.131136910560194,2.9338568698359038,2.1400661634962708
Iceland,2001,10.799362693414233,4.390617674535237,3.735285826928092,3.1612467120315646,2.962692419475791,2.191653532286764
Iceland,2002,10.796016325567338,4.388287482350624,3.7316994512968646,3.152736022363656,2.9575110607337933,2.145931282948669
Iceland,2003,10.810291904857065,4.393997381403694,3.735285826928092,3.150596984114906,2.952302715626655,2.1162555148025524
Iceland,2004,10.876642274400673,4.394419042861058,3.7412346844478646,3.1633631149379418,2.970414465569701,2.2027647577118348
Iceland,2005,10.920255526652863,4.400632946424792,3.7471483622379123,3.173878458937465,2.9806186357439426,2.163323025660538
Iceland,2006,10.958036248550863,4.396404483622058,3.7436043538031827,3.169685580677429,2.975529566236472,2.2027647577118348
Iceland,2007,11.013899258143205,4.400034251657459,3.7495040759303713,3.173878458937465,2.9806186357439426,2.21375387928743
Iceland,2008,11.017157943931409,4.401948814872348,3.7483269127573564,3.1675825304806504,2.970414465569701,2.191653532286764
Iceland,2009,10.93401149854343,4.403680727219614,3.753027273937688,3.1822118404966093,2.9856819377004897,2.1972245773362196
Iceland,2010,10.90671380663968,4.405469209951597,3.7612001156935624,3.190476350346503,2.990719731730447,2.186051276738094
Iceland,2011,10.921948636964606,4.411082113546167,3.765840495250065,3.196630215920881,3.005682604407159,2.2353763433005955
Iceland,2012,10.927207827513852,4.417840989911339,3.7762032822856115,3.2168738221975275,3.0349529867072724,2.2512917986064953
Iceland,2013,10.962267740605068,4.407462575927037,3.7612001156935624,3.192531849528599,2.995732273553991,2.2027647577118348
Iceland,2014,10.967874089567635,4.417164210777382,3.7784916128036232,3.224857896545748,3.0373539482448106,2.2669579153508943
Iceland,2015,11.000865298469853,4.412413888314974,3.7716108517114013,3.214867803470662,3.0155349008501706,2.2082744135228043
Iceland,2016,11.04811426816435,4.409214643975334,3.764682417529437,3.192531849528599,2.995732273553991,2.2082744135228043
Iceland,2017,11.065751907838337,4.414747611699635,3.7796338173824005,3.2208738275308737,3.0252910757955354,2.2407096892759584
Iceland,2018,11.086704591534113,4.417164210777382,3.7819143200811256,3.2268439945173775,3.0373539482448106,2.2460147415056513
Iceland,2019,11.083155968732823,4.420807523113645,3.7819143200811256,3.2308043957334744,3.044522437723423,2.2460147415056513
Iceland,2020,10.994994497765445,4.419604347759717,3.7853253523821886,3.2386784521643803,3.0516399054922867,2.277267285009756
Ireland,2000,10.891094764945592,4.337768866642845,3.644143560272545,3.0081547935525483,2.791165107812717,1.9459101490553132
Ireland,2001,10.926871766893324,4.345546066312496,3.6597080768136565,3.0349529867072724,2.8183982582710754,1.9878743481543455
Ireland,2002,10.967339362998134,4.352007360558935,3.6699514442284173,3.0516399054922867,2.8390784635086144,2.0082140323914683
Ireland,2003,10.980743003338285,4.35848960413818,3.6788291182604347,3.065724645374026,2.859339648648436,2.0347056478384444
Ireland,2004,11.02813653807598,4.363595627249437,3.6876286722122837,3.084200921541599,2.8791984572980396,2.0605135317943173
Ireland,2005,11.06216051438447,4.368737504533454,3.6988297849671046,3.0978374964911444,2.89591193827178,2.0794415416798357
Ireland,2006,11.083874945872719,4.372499689731498,3.702535780561422,3.106826321059578,2.9041650800285006,2.0856720914304723
Ireland,2007,11.106704650738108,4.377534854341084,3.711130063048756,3.120159851929043,2.920469789053444,2.122261538862764
Ireland,2008,11.040440426774225,4.383214952719239,3.7184382563554808,3.1245651453969594,2.920469789053444,2.0856720914304723
Ireland,2009,10.977981762658404,4.384401860340687,3.724487881581304,3.1441522786722644,2.94706710157271,2.157559320943788
Ireland,2010,10.989222591675627,4.391282447672676,3.734091796935484,3.152736022363656,2.9575110607337933,2.163323025660538
Ireland,2011,11.00121515932193,4.391312654079469,3.7364784329132155,3.159125820462427,2.9652730660692823,2.169053700369523
Ireland,2012,10.992980141871174,4.3925503340406955,3.7364784329132155,3.159125820462427,2.962692419475791,2.145931282948669
Ireland,2013,11.00939951083669,4.393816615031785,3.7400477406883357,3.1654750481410856,2.9678470700644555,2.151762203259462
Ireland,2014,11.091345329249888,4.398745842649179,3.7483269127573564,3.1780538303479458,2.9831534913471307,2.186051276738094
Ireland,2015,11.301960248411687,4.400034251657459,3.7483269127573564,3.1780538303479458,2.9806186357439426,2.174751721484161
Ireland,2016,11.302824155414532,4.40248662600603,3.751854253275325,3.1822118404966093,2.9882040071331994,2.191653532286764
Ireland,2017,11.387698646402306,4.408621066439654,3.763522997109702,3.1986731175506815,3.005682604407159,2.224623551524334
Ireland,2018,11.448042951233987,4.409214643975334,3.763522997109702,3.202746442938317,3.0106208860477417,2.2460147415056513
Ireland,2019,11.483542964535607,4.415249093976858,3.7739097032985116,3.2188758248682006,3.0325462466767075,2.272125885509337
Ireland,2020,11.542385109868661,4.413478032689732,3.7727609380946383,3.216873822197528,3.027715319407042,2.2669579153508947
Israel,2000,10.40795165566892,4.36886107958999,3.6951100038645723,3.095577608523707,2.8903717578961645,2.1041341542702074
Israel,2001,10.386075301068232,4.374590518541127,3.7062280924485496,3.1112906141882632,2.9096295745005794,2.145931282948669
Israel,2002,10.364719276493714,4.375143242267064,3.713572066704308,3.126760535960395,2.928523523860541,2.191653532286764
Israel,2003,10.361208372859197,4.377626725378833,3.7160081215021887,3.126760535960395,2.928523523860541,2.174751721484161
Israel,2004,10.389263502520487,4.3838542318503,3.7256934272366524,3.1441522786722644,2.94706710157271,2.1972245773362196
Israel,2005,10.412925516647652,4.383915094286036,3.724487881581304,3.1441522786722644,2.9496883350525844,2.186051276738094
Israel,2006,10.44955599793296,4.3889235280825485,3.7328963395307104,3.1570004211501135,2.962692419475791,2.21375387928743
Israel,2007,10.49027953902076,4.38831777948301,3.730501128804756,3.152736022363656,2.952302715626655,2.180417459019838
Israel,2008,10.50484518087812,4.39384674498855,3.7412346844478646,3.1675825304806504,2.975529566236472,2.2082744135228043
Israel,2009,10.491964426689032,4.399435198117127,3.7495040759303713,3.1822118404966093,2.9882040071331994,2.2137538792874296
Israel,2010,10.528498670693363,4.401859151474346,3.755369195382769,3.186352633162641,2.998229153752578,2.224623551524334
Israel,2011,10.564153958621056,4.40251649586878,3.754198920234579,3.186352633162641,2.995732273553991,2.2192034840549946
Israel,2012,10.570783072124811,4.403113706937919,3.754198920234579,3.184284380098582,2.990719731730447,2.2082744135228043
Israel,2013,10.59355810638007,4.407403129948539,3.7612001156935624,3.1986731175506815,3.0081547935525483,2.224623551524334
Israel,2014,10.612480121723676,4.408591378366857,3.764682417529437,3.202746442938317,3.013080911888604,2.224623551524334
Israel,2015,10.615538779828853,4.407343680436006,3.7612001156935624,3.196630215920881,3.005682604407159,2.2192034840549946
Israel,2016,10.63868135561327,4.411674232366197,3.770459441106359,3.2128577525426376,3.022860940942244,2.2460147415056513
Israel,2017,10.661140417600778,4.413418943243086,3.7727609380946383,3.2168738221975275,3.0252910757955354,2.2460147415056513
Israel,2018,10.681810761321417,4.416457517720657,3.7784916128036232,3.224857896545748,3.039749158970765,2.2669579153508943
Israel,2019,10.699873563595911,4.416486973303217,3.7784916128036232,3.2228678461377385,3.0373539482448106,2.2617630984737906
Israel,2020,10.667482400817828,4.414600069046258,3.7727609380946383,3.2128577525426376,3.0252910757955354,2.2407096892759584
Italy,2000,10.82591714657886,4.379248388670024,3.717223927123079,3.128951117340214,2.928523523860541,2.145931282948669
Italy,2001,10.845221167282384,4.383610745183037,3.724487881581304,3.1419947805322432,2.9444389791664403,2.163323025660538
Italy,2002,10.846427662651271,4.38488838956942,3.724487881581304,3.139832617527748,2.9391619220655967,2.145931282948669
Italy,2003,10.84264790680231,4.38181319727274,3.717223927123079,3.1245651453969594,2.920469789053444,2.0856720914304723
Italy,2004,10.850808715313825,4.391735448740456,3.735285826928092,3.1570004211501135,2.9601050959108397,2.157559320943788
Italy,2005,10.853490014791042,4.391765641590808,3.734091796935484,3.152736022363656,2.954910279033736,2.134166441369082
Italy,2006,10.868319227050419,4.397935992409217,3.744787086052232,3.1717842173343502,2.9780773383152703,2.174751721484161
Italy,2007,10.877786926403816,4.399794673254303,3.7483269127573564,3.1780538303479458,2.9856819377004893,2.180417459019838
Italy,2008,10.860878148737147,4.400423444001269,3.7495040759303713,3.1801349965517702,2.9856819377004893,2.180417459019838
Italy,2009,10.80181140209874,4.402277511613726,3.753027273937688,3.184284380098582,2.9932291433358724,2.191653532286764
Italy,2010,10.813910817644542,4.407165310811895,3.7612001156935624,3.1986731175506815,3.005682604407159,2.2192034840549946
Italy,2011,10.81912159403635,4.409006931931743,3.764682417529437,3.204776900488699,3.013080911888604,2.235376343300596
Italy,2012,10.784675018413372,4.409629938674427,3.764682417529437,3.202746442938317,3.0106208860477417,2.2192034840549946
Italy,2013,10.754734965163582,4.415101625300411,3.7750571503549883,3.2188758248682006,3.0325462466767075,2.2669579153508943
Italy,2014,10.7455460476745,4.419927293043866,3.783052624131186,3.2308043957334744,3.044522437723423,2.2874714551839976
Italy,2015,10.755327495104162,4.413330302586496,3.770459441106359,3.2108436531709366,3.0228609409422433,2.2300144001592104
Italy,2016,10.769312758696115,4.421774882214119,3.7853253523821886,3.2347491740244907,3.0516399054922867,2.2925347571405443
Italy,2017,10.786721135092082,4.418193910299106,3.7784916128036232,3.2228678461377385,3.034952986707272,2.2512917986064953
Italy,2018,10.796854258478128,4.423004714532187,3.7875929270499693,3.2386784521643803,3.054001181677967,2.2874714551839976
Italy,2019,10.812666985353822,4.424817421609835,3.7909846770510898,3.2406373166497136,3.058707072715379,2.2925347571405443
Italy,2020,10.724674327740505,4.4090959566272625,3.758871825933971,3.188416617383492,2.995732273553991,2.186051276738094
Latvia,2000,9.584736677212126,4.2529799442936715,3.5040547671018634,2.8820035082256483,2.6775909936175015,1.8718021769015913
Latvia,2001,9.660256076219719,4.259307656788397,3.5040547671018634,2.8820035082256483,2.6775909936175015,1.8718021769015913
Latvia,2002,9.745733371222412,4.262130086638491,3.5040547671018634,2.8820035082256483,2.6775909936175015,1.8718021769015913
Latvia,2003,9.83632401839798,4.266417301906408,3.505557396986398,2.8820035082256483,2.6741486494265287,1.8562979903656263
Latvia,2004,9.930890022339755,4.277038678357204,3.5130368634176907,2.8875901149342877,2.6878474937846906,1.864080130807681
Latvia,2005,10.051583836727954,4.267682800117191,3.507057772361633,2.8820035082256483,2.6844403354630764,1.8718021769015913
Latvia,2006,10.181424486496349,4.260788704831503,3.5010427166318716,2.8875901149342877,2.6946271807700692,1.9021075263969203
Latvia,2007,10.288657858609994,4.262954659003603,3.5100517865742376,2.89314568477889,2.697999865248709,1.8946168546677629
Latvia,2008,10.264692619754289,4.282475768606442,3.5380565643793527,2.917770732084279,2.7245795030534206,1.9315214116032138
Latvia,2009,10.106372952955036,4.2915614063643766,3.5553480614894135,2.9391619220655967,2.750470916986162,1.9810014688665833
Latvia,2010,10.089886349826925,4.297053091208538,3.5553480614894135,2.9391619220655967,2.7472709142554916,1.9810014688665833
Latvia,2011,10.13800563272514,4.298313581682884,3.5779478934066544,2.9678470700644555,2.775708849576025,2.0412203288596382
Latvia,2012,10.220916526042616,4.30106124535636,3.5793435670456293,2.9678470700644555,2.775708849576025,2.001480000210124
Latvia,2013,10.252371128141009,4.303834348071045,3.58351893845611,2.980618635743943,2.7880929087757464,2.0412203288596382
Latvia,2014,10.282521732174617,4.305744631179501,3.5931942039795284,2.9882040071331994,2.797281334830153,2.0541237336955462
Latvia,2015,10.327843510306046,4.310537182356602,3.597312260588446,2.998229153752578,2.8063861018230716,2.0476928433652555
Latvia,2016,10.362179101399775,4.311878915356799,3.5986811861957873,2.998229153752578,2.803360380906535,2.0476928433652555
Latvia,2017,10.404465872260506,4.312532766593021,3.6014134283326604,2.995732273553991,2.806386101823072,2.0476928433652555
Latvia,2018,10.45445153329148,4.314589607991393,3.6000482404073204,3.0007198150650303,2.806386101823072,2.0412203288596382
Latvia,2019,10.468134972837156,4.322645522940706,3.6149637711637683,3.0204248861443626,2.8273136219290276,2.0731719286662407
Latvia,2020,10.439838729023476,4.319956608959651,3.6054978451748854,3.0007198150650303,2.806386101823072,2.0412203288596382
Lithuania,2000,9.665053218280974,4.276937085079213,3.5539184686798193,2.952302715626655,2.7536607123542622,1.9671123567059163
Lithuania,2001,9.736119038081458,4.271912290094185,3.543853682063679,2.9444389791664403,2.744060638625243,1.9315214116032138
Lithuania,2002,9.809183571943548,4.273340813115203,3.543853682063679,2.93651291389402,2.740840023925201,1.916922612182061
Lithuania,2003,9.917621236793497,4.277512644084807,3.5467396869528134,2.9496883350525844,2.750470916986162,1.9315214116032138
Lithuania,2004,9.991845075356428,4.276123966661356,3.5467396869528134,2.952302715626655,2.760009940032921,1.9671123567059163
Lithuania,2005,10.082600407782197,4.266246165760324,3.5322256440685598,2.9338568698359038,2.744060638625243,1.9387416595767006
Lithuania,2006,10.169912099044778,4.26346967155038,3.5234150143864045,2.9311937524164198,2.747270914255491,1.9600947840472698
Lithuania,2007,10.286853436006124,4.2612704335380815,3.521938999358284,2.9311937524164198,2.750470916986162,1.9740810260220096
Lithuania,2008,10.322800746427758,4.274054310099527,3.5409593240373143,2.9575110607337933,2.772588722239781,1.9947003132247452
Lithuania,2009,10.173282169588699,4.289289361666827,3.565298392342582,2.9678470700644555,2.785011242238338,2.0149030205422647
Lithuania,2010,10.198514495143572,4.294127946139771,3.5681232529781366,2.9729752864313745,2.791165107812717,2.008214032391468
Lithuania,2011,10.282416573765524,4.298147818316184,3.580737295494233,2.9932291433358724,2.8094026953624978,2.0541237336955462
Lithuania,2012,10.338724330195621,4.302217639468709,3.5876769486047735,2.998229153752578,2.8124102164264526,2.0541237336955462
Lithuania,2013,10.388516114724938,4.302910834736529,3.5876769486047735,2.998229153752578,2.8124102164264526,2.0412203288596382
Lithuania,2014,10.434145603448396,4.3110282691971795,3.6041382256588457,3.0155349008501706,2.8273136219290276,2.0731719286662407
Lithuania,2015,10.471487407183645,4.30840634846665,3.5986811861957873,3.0007198150650303,2.8124102164264526,2.0412203288596382
Lithuania,2016,10.510562830298698,4.313088204249631,3.6027767550605247,3.0106208860477417,2.821378886409213,2.0668627594729756
Lithuania,2017,10.569636458276966,4.323874183118576,3.6189933266497696,3.022860940942244,2.8273136219290276,2.0541237336955462
Lithuania,2018,10.627190794220317,4.326520370283104,3.6256733782101436,3.0301337002713233,2.8390784635086144,2.0794415416798357
Lithuania,2019,10.67555042885327,4.334449149555643,3.636269503841639,3.0492730404820207,2.856470206220483,2.122261538862764
Lithuania,2020,10.675710809809322,4.317195387762968,3.597312260588446,2.9932291433358724,2.7942278973432626,2.0412203288596382
Luxembourg,2000,11.638999266384216,4.355081487008292,3.6750340472918834,3.079613757534693,2.8791984572980396,2.0668627594729756
Luxembourg,2001,11.65737513753204,4.354454881282522,3.6788291182604347,3.084200921541599,2.8820035082256483,2.066862759472976
Luxembourg,2002,11.67864345391644,4.3562709572490155,3.681351187693145,3.0887671395211806,2.8875901149342877,2.1041341542702074
Luxembourg,2003,11.692348049635386,4.353200490823869,3.667400422436812,3.0516399054922867,2.8390784635086144,1.9878743481543455
Luxembourg,2004,11.719582678783576,4.370990348537161,3.7013019741124933,3.1157350659486873,2.917770732084279,2.0856720914304723
Luxembourg,2005,11.728807654694783,4.374897625063411,3.7049988359938197,3.1157350659486873,2.920469789053444,2.1102132003465894
Luxembourg,2006,11.771283720704204,4.373084332199351,3.700066643504501,3.1157350659486873,2.9258461460898246,2.122261538862764
Luxembourg,2007,11.833714065249966,4.374283317801424,3.7013019741124933,3.106826321059578,2.9096295745005794,2.0918640616783932
Luxembourg,2008,11.812832822415466,4.38874184199012,3.7281001672672174,3.1484533605716547,2.954910279033736,2.151762203259462
Luxembourg,2009,11.761389380285461,4.389952459304497,3.7293013686128518,3.159125820462427,2.970414465569701,2.169053700369523
Luxembourg,2010,11.780049662192894,4.389891963221602,3.730501128804756,3.1612467120315646,2.9678470700644555,2.163323025660538
Luxembourg,2011,11.768211892850562,4.394298586300553,3.7376696182833684,3.1654750481410856,2.980618635743943,2.191653532286764
Luxembourg,2012,11.760560864137553,4.399285378673279,3.7471483622379123,3.1801349965517702,2.990719731730447,2.2192034840549946
Luxembourg,2013,11.76867438312873,4.404277243608702,3.7577056450437887,3.2007118542405295,3.0204248861443626,2.2669579153508947
Luxembourg,2014,11.770997327169097,4.409511300609272,3.764682417529437,3.2068032436339315,3.0228609409422433,2.2874714551839976
Luxembourg,2015,11.769841896909021,4.410282196440136,3.763522997109702,3.2007118542405295,3.013080911888604,2.2669579153508947
Luxembourg,2016,11.796871209534133,4.415042631715942,3.7727609380946383,3.2208738275308737,3.034952986707272,2.2874714551839976
Luxembourg,2017,11.785647327688988,4.4078785987370335,3.7600366484302645,3.192531849528599,3.0032042883926917,2.2874714551839976
Luxembourg,2018,11.77847843319082,4.410311834358959,3.7669972333778885,3.204776900488699,3.017982882488811,2.2617630984737906
Luxembourg,2019,11.787591441379544,4.414482019199586,3.7739097032985116,3.216873822197528,3.034952986707272,2.272125885509337
Luxembourg,2020,11.761787914161422,4.408472617017592,3.763522997109702,3.1945831322991562,3.0032042883926917,2.2192034840549946
Mexico,2000,9.92645129734915,4.298223741354852,3.653252276470785,3.039749158970765,2.8931456847788897,2.2192034840549946
Mexico,2001,9.907102342304244,4.302266178830216,3.657130755799356,3.042138646368147,2.8986705607108596,2.2192034840549946
Mexico,2002,9.890356606269178,4.305496500683932,3.655839600035736,3.044522437723423,2.89591193827178,2.21375387928743
Mexico,2003,9.888159693305152,4.307760957777728,3.653252276470785,3.044522437723423,2.8903717578961645,2.2082744135228047
Mexico,2004,9.90954011725582,4.309079526917817,3.6597080768136565,3.0819099697950434,2.89591193827178,2.2192034840549946
Mexico,2005,9.916966605071769,4.309133309153557,3.654546775033431,3.075005454448499,2.887590114934288,2.2082744135228047
Mexico,2006,9.950360536756644,4.308528092164799,3.660994250624401,3.086486636822455,2.9014215940827497,2.224623551524334
Mexico,2007,9.956847339107158,4.307276148459894,3.657130755799356,3.079613757534693,2.89591193827178,2.21375387928743
Mexico,2008,9.951634878700906,4.306117040573532,3.653252276470785,3.075005454448499,2.8903717578961645,2.2082744135228043
Mexico,2009,9.871994396277573,4.30567190969096,3.648057459593681,3.065724645374026,2.8791984572980396,2.191653532286764
Mexico,2010,9.906114071712766,4.306629370201435,3.648057459593681,3.065724645374026,2.873564639579784,2.169053700369523
Mexico,2011,9.925821236748709,4.308985401044561,3.6584202466292277,3.084200921541599,2.89591193827178,2.1972245773362196
Mexico,2012,9.947165011933356,4.311791920991429,3.6622787723167574,3.086486636822455,2.8986705607108596,2.21375387928743
Mexico,2013,9.942676847888183,4.314002044251478,3.6635616461296463,3.0887671395211806,2.9014215940827497,2.2082744135228047
Mexico,2014,9.955305906630702,4.314777777224254,3.6584202466292277,3.084200921541599,2.8986705607108596,2.2082744135228047
Mexico,2015,9.971274823111598,4.313239099246895,3.6584202466292277,3.0819099697950434,2.8931456847788897,2.2027647577118348
Mexico,2016,9.979153258791856,4.309617219155741,3.655839600035736,3.0819099697950434,2.89591193827178,2.2082744135228047
Mexico,2017,9.988345136987222,4.30592822136736,3.66612246699132,3.104586678466073,2.9231615807191558,2.2512917986064953
Mexico,2018,9.998407998676882,4.304267775365456,3.66612246699132,3.106826321059578,2.920469789053444,2.2407096892759584
Mexico,2019,9.984971919749752,4.306791103987975,3.66612246699132,3.106826321059578,2.9231615807191558,2.2512917986064953
Mexico,2020,9.889530144511882,4.250393439332439,3.505557396986398,2.8875901149342877,2.6979998652487085,2.0476928433652555
Netherlands,2000,10.932505098986573,4.356552466773709,3.6724959748634123,3.0610517396746335,2.8535925063928684,2.0215475632609334
Netherlands,2001,10.947926614843398,4.359144881456279,3.677565694213663,3.070375816549757,2.8622008809294686,2.0347056478384444
Netherlands,2002,10.943998541163243,4.360454149460252,3.680090948080857,3.068052935133617,2.859339648648436,2.028148247292285
Netherlands,2003,10.940258241347417,4.363005409361137,3.6826098411003407,3.077312260546414,2.8707357833793057,2.028148247292285
Netherlands,2004,10.956746003795303,4.370651203466156,3.696351468952637,3.100092288878234,2.89591193827178,2.0731719286662407
Netherlands,2005,10.974544917356607,4.373822339545278,3.703768066607687,3.109060958860994,2.9041650800285006,2.0918640616783932
Netherlands,2006,11.007701255285141,4.378238982818493,3.711130063048756,3.120159851929043,2.920469789053444,2.1041341542702074
Netherlands,2007,11.0436433219507,4.383245403922822,3.7220724214697003,3.1376657694426577,2.9391619220655967,2.1400661634962708
Netherlands,2008,11.060697622759141,4.385161958280954,3.7232808808312687,3.1419947805322432,2.94706710157271,2.1400661634962708
Netherlands,2009,11.018213276694977,4.388862969719424,3.7316994512968646,3.1548704948922883,2.9601050959108397,2.169053700369523
Netherlands,2010,11.026190975707154,4.390768798115347,3.7340917969354845,3.159125820462427,2.962692419475791,2.174751721484161
Netherlands,2011,11.039104736822987,4.396975319870621,3.7412346844478646,3.1696855806774287,2.9780773383152703,2.1972245773362196
Netherlands,2012,11.025577290253905,4.3957431078945115,3.738859386418957,3.1654750481410856,2.970414465569701,2.169053700369523
Netherlands,2013,11.022326712156481,4.398206015368806,3.744787086052232,3.1717842173343502,2.9806186357439426,2.180417459019838
Netherlands,2014,11.034725886745495,4.403143558075999,3.7530272739376884,3.186352633162641,2.995732273553991,2.21375387928743
Netherlands,2015,11.051278018816875,4.400722719831002,3.745968421098063,3.173878458937465,2.9831534913471307,2.180417459019838
Netherlands,2016,11.069909894259414,4.401350907503275,3.7495040759303713,3.1780538303479458,2.9856819377004897,2.191653532286764
Netherlands,2017,11.091433498792284,4.403800058991833,3.7530272739376884,3.1822118404966093,2.9932291433358724,2.186051276738094
Netherlands,2018,11.107930250644687,4.404426317093274,3.754198920234579,3.184284380098582,2.990719731730447,2.191653532286764
Netherlands,2019,11.12411991724731,4.408086545256911,3.7612001156935624,3.196630215920881,3.005682604407159,2.21375387928743
Netherlands,2020,11.07911705514536,4.398865764729965,3.7436043538031827,3.1654750481410856,2.9678470700644555,2.145931282948669
New Zealand,2000,10.487945733342555,4.364837053863638,3.6938669956249757,3.095577608523707,2.89591193827178,2.1041341542702074
New Zealand,2001,10.515598579034712,4.365550176895143,3.700066643504501,3.106826321059578,2.9096295745005794,2.1162555148025524
New Zealand,2002,10.544287970848165,4.367500913600824,3.7062280924485496,3.1157350659486873,2.917770732084279,2.122261538862764
New Zealand,2003,10.570757952761998,4.37129856239074,3.7123518102990785,3.1245651453969594,2.928523523860541,2.134166441369082
New Zealand,2004,10.59596476571804,4.376370424559438,3.7184382563554808,3.1354942159291497,2.9391619220655967,2.151762203259462
New Zealand,2005,10.617659493920003,4.380165147055356,3.724487881581304,3.1441522786722644,2.9496883350525844,2.157559320943788
New Zealand,2006,10.632886070378564,4.382636204973151,3.730501128804756,3.1548704948922883,2.9601050959108397,2.169053700369523
New Zealand,2007,10.65360524654774,4.383915094286036,3.7328963395307104,3.159125820462427,2.9652730660692823,2.174751721484161
New Zealand,2008,10.632645418127115,4.386407269541898,3.7364784329132155,3.1654750481410856,2.970414465569701,2.180417459019838
New Zealand,2009,10.622128478596201,4.390768798115347,3.7400477406883357,3.1696855806774287,2.9780773383152703,2.186051276738094
New Zealand,2010,10.625354078480632,4.393274119527232,3.7436043538031827,3.1759683238569245,2.9831534913471307,2.191653532286764
New Zealand,2011,10.639895213371839,4.396374430509313,3.7471483622379123,3.1801349965517702,2.9882040071331994,2.1972245773362196
New Zealand,2012,10.657049485597366,4.399465159263444,3.750679855019383,3.188416617383492,2.995732273553991,2.2082744135228047
New Zealand,2013,10.676593739728315,4.399435198117127,3.754198920234579,3.192531849528599,3.0007198150650303,2.2082744135228047
New Zealand,2014,10.696839224828246,4.400073177696451,3.755369195382769,3.1945831322991562,3.005682604407159,2.21375387928743
New Zealand,2015,10.713138974999708,4.40198168932301,3.7577056450437887,3.1986731175506815,3.0081547935525483,2.2192034840549946
New Zealand,2016,10.72747635176983,4.402546364961808,3.758871825933971,3.2007118542405295,3.013080911888604,2.2192034840549946
New Zealand,2017,10.739997618850714,4.404992593919365,3.7612001156935624,3.204776900488699,3.013080911888604,2.224623551524334
New Zealand,2018,10.756481784178654,4.403143558075999,3.763522997109702,3.2068032436339315,3.017982882488811,2.224623551524334
New Zealand,2019,10.763915189846683,4.407403129948539,3.7693067032265506,3.2208738275308737,3.0325462466767075,2.256541154492639
New Zealand,2020,10.737609185301388,4.409837521365742,3.7739097032985116,3.2268439945173775,3.042138646368147,2.2669579153508947
Norway,2000,11.25825459935032,4.364806036903601,3.6938669956249757,3.095577608523707,2.8903717578961645,2.0605135317943173
Norway,2001,11.273654682765489,4.366727267053668,3.6975913947159578,3.100092288878234,2.8931456847788897,2.066862759472976
Norway,2002,11.281943324026988,4.369293471943367,3.6988297849671046,3.0978374964911444,2.8903717578961645,2.0605135317943173
Norway,2003,11.28548272763522,4.37437548790764,3.709906821306012,3.1135153092103742,2.920469789053444,2.1041341542702074
Norway,2004,11.318934390883006,4.3800429611187965,3.7220724214697003,3.1376657694426577,2.9391619220655967,2.134166441369082
Norway,2005,11.338620721880405,4.38254479303165,3.724487881581304,3.1441522786722644,2.94706710157271,2.145931282948669
Norway,2006,11.35488346458288,4.386316201811699,3.7316994512968646,3.150596984114906,2.9575110607337933,2.151762203259462
Norway,2007,11.373260009965014,4.386953502080603,3.7293013686128518,3.1484533605716547,2.9496883350525844,2.1400661634962708
Norway,2008,11.365604300057862,4.389407862885398,3.735285826928092,3.1548704948922883,2.9601050959108397,2.157559320943788
Norway,2009,11.333398658261585,4.391916591798652,3.7412346844478646,3.1654750481410856,2.972975286431375,2.174751721484161
Norway,2010,11.328781703970147,4.394419042861058,3.742420221041966,3.169685580677429,2.975529566236472,2.1804174590198384
Norway,2011,11.326805693442477,4.3980860141386495,3.7471483622379123,3.1780538303479458,2.9856819377004893,2.186051276738094
Norway,2012,11.340488070305687,4.400004307434433,3.7471483622379123,3.173878458937465,2.9780773383152703,2.174751721484161
Norway,2013,11.338507277630725,4.403680727219614,3.753027273937688,3.184284380098582,2.9932291433358724,2.2027647577118348
Norway,2014,11.347504309261682,4.407938016458383,3.7623622308737397,3.196630215920881,3.005682604407159,2.21375387928743
Norway,2015,11.355956479999294,4.41043037749397,3.764682417529437,3.1986731175506815,3.0081547935525483,2.2082744135228047
Norway,2016,11.35872671715439,4.411674232366197,3.7669972333778885,3.204776900488699,3.013080911888604,2.224623551524334
Norway,2017,11.374988840573153,4.414127786142989,3.7716108517114013,3.2088254890146994,3.017982882488811,2.224623551524334
Norway,2018,11.376642773620613,4.41592717014488,3.7762032822856115,3.2128577525426376,3.0228609409422433,2.2353763433005955
Norway,2019,11.381067264008077,4.4183409238187235,3.7807747188181917,3.2208738275308737,3.0325462466767075,2.2512917986064953
Norway,2020,11.362315583943028,4.421364601769959,3.7853253523821886,3.228826155721369,3.042138646368147,2.2617630984737906
Poland,2000,9.828203035986947,4.300664459354399,3.5765502691400166,2.94706710157271,2.740840023925201,1.9530276168241774
Poland,2001,9.840740867767174,4.3067641501733345,3.584906863730958,2.9601050959108397,2.7536607123542622,1.9530276168241774
Poland,2002,9.860037532258447,4.310766386326107,3.5931942039795284,2.975529566236472,2.7694588292308535,1.9740810260220096
Poland,2003,9.895339669003379,4.312107812037164,3.5931942039795284,2.975529566236472,2.7694588292308535,1.9530276168241774
Poland,2004,9.945579305691576,4.315437231381142,3.6014134283326604,2.9882040071331994,2.7880929087757464,1.9878743481543455
Poland,2005,9.97810665625414,4.3174230707544075,3.6041382256588457,2.998229153752578,2.797281334830153,1.9947003132247452
Poland,2006,10.038914125546276,4.319404974384121,3.609565647394211,3.0106208860477417,2.8124102164264526,2.0412203288596382
Poland,2007,10.104874509467233,4.320734869648146,3.6122683517420957,3.013080911888604,2.8183982582710754,2.0412203288596382
Poland,2008,10.147642159917956,4.324713976527127,3.6176519448255684,3.0228609409422433,2.8302678338264595,2.060513531794317
Poland,2009,10.172779715523317,4.326713719133289,3.6216707044204863,3.0228609409422433,2.833213344056216,2.0541237336955462
Poland,2010,10.206833338491078,4.333969433483944,3.634951112088381,3.042138646368147,2.8507065015037334,2.0918640616783932
Poland,2011,10.257515827183573,4.33983810726335,3.644143560272545,3.056356895370426,2.8707357833793057,2.122261538862764
Poland,2012,10.272522899531854,4.340505717057523,3.6454498961866,3.056356895370426,2.8678989020441064,2.1162555148025524
Poland,2013,10.279945602747173,4.343805421853684,3.6506582412937387,3.058707072715379,2.8735646395797834,2.128231705849268
Poland,2014,10.31915014577081,4.351598857365343,3.66612246699132,3.0819099697950434,2.8986705607108596,2.174751721484161
Poland,2015,10.363180281681418,4.3496483125103795,3.6597080768136565,3.0703758165497566,2.884800712846709,2.1400661634962708
Poland,2016,10.393471585247962,4.354799563025651,3.6699514442284173,3.0887671395211806,2.9041650800285006,2.186051276738094
Poland,2017,10.443587873626576,4.353545605129132,3.66612246699132,3.079613757534693,2.89314568477889,2.157559320943788
Poland,2018,10.50417551690513,4.351598857365343,3.6635616461296463,3.075005454448499,2.887590114934288,2.157559320943788
Poland,2019,10.549206311771353,4.355488570300016,3.6712245188752153,3.086486636822455,2.9041650800285006,2.180417459019838
Poland,2020,10.530391212071923,4.33729074083249,3.632309102625542,3.0204248861443626,2.8213788864092133,2.0541237336955462
Portugal,2000,10.464193917005295,4.33486471740945,3.6622787723167574,3.058707072715379,2.847812143477369,2.0149030205422647
Portugal,2001,10.476391851529153,4.34139517082963,3.667400422436812,3.070375816549757,2.8622008809294686,2.0412203288596382
Portugal,2002,10.478594856615159,4.344660298680004,3.6699514442284173,3.0726933146901194,2.8650539499118746,2.0347056478384444
Portugal,2003,10.465491967714454,4.3466521737998205,3.6686767467964168,3.068052935133617,2.859339648648436,2.0149030205422647
Portugal,2004,10.480829938118173,4.352478503141655,3.6888794541139363,3.1023420086122493,2.8986705607108596,2.0794415416798357
Portugal,2005,10.486762687161715,4.357615232574508,3.681351187693145,3.091042453358316,2.884800712846709,2.0347056478384444
Portugal,2006,10.501079085291943,4.362072776492888,3.700066643504501,3.120159851929043,2.920469789053444,2.0980179272527715
Portugal,2007,10.523872844296282,4.3608279113439945,3.702535780561422,3.126760535960395,2.9231615807191558,2.0980179272527715
Portugal,2008,10.525618318035818,4.363409280224233,3.7074558396868715,3.131136910560194,2.9338568698359038,2.1041341542702074
Portugal,2009,10.492946472051894,4.365984002919101,3.7123518102990785,3.139832617527748,2.9444389791664403,2.1162555148025524
Portugal,2010,10.509714376145812,4.369787405824913,3.717223927123079,3.1463051320333655,2.9496883350525844,2.122261538862764
Portugal,2011,10.493901442147992,4.387893537070597,3.7293013686128518,3.169685580677429,2.980618635743943,2.191653532286764
Portugal,2012,10.456603289408697,4.3866804231074985,3.7256934272366524,3.1633631149379418,2.9678470700644555,2.151762203259462
Portugal,2013,10.452201630469297,4.391010548448937,3.7328963395307104,3.169685580677429,2.980618635743943,2.174751721484161
Portugal,2014,10.464980101966733,4.395953593054578,3.7412346844478646,3.186352633162641,2.995732273553991,2.1972245773362196
Portugal,2015,10.484894446295971,4.3959836586940035,3.7400477406883357,3.1780538303479458,2.9882040071331994,2.180417459019838
Portugal,2016,10.507892261899812,4.3959836586940035,3.7400477406883357,3.1801349965517702,2.990719731730447,2.191653532286764
Portugal,2017,10.542940841157508,4.399674862525107,3.7471483622379123,3.192531849528599,3.005682604407159,2.2082744135228043
Portugal,2018,10.573579017726903,4.398445974513907,3.745968421098063,3.188416617383492,3.0007198150650303,2.2027647577118348
Portugal,2019,10.600428351467926,4.4027554231464405,3.753027273937688,3.1986731175506815,3.0155349008501706,2.2300144001592104
Portugal,2020,10.513768862336873,4.39414799525442,3.7364784329132155,3.169685580677429,2.980618635743943,2.169053700369523
Slovak Republic,2000,9.81569958353151,4.291160832239429,3.5596246182566738,2.9069010598473755,2.6946271807700692,1.8946168546677629
Slovak Republic,2001,9.846361632991764,4.295957164223707,3.563882963939251,2.915064370486536,2.7013612129514133,1.8794650496471605
Slovak Republic,2002,9.88994990164767,4.298711301391812,3.56953269648137,2.9258461460898246,2.7113779911948845,1.8946168546677629
Slovak Republic,2003,9.93803256942699,4.298711301391812,3.5709401562492498,2.9258461460898246,2.7113779911948845,1.8794650496471605
Slovak Republic,2004,9.990729002057043,4.303504619816949,3.5779478934066544,2.93651291389402,2.7212954278522306,1.8946168546677629
Slovak Republic,2005,10.05346421612234,4.302778834571341,3.5765502691400166,2.9338568698359033,2.7212954278522306,1.864080130807681
Slovak Republic,2006,10.138913937648788,4.306829889926177,3.58351893845611,2.9444389791664403,2.7311154740332064,1.9095425048844386
Slovak Republic,2007,10.241346878846343,4.306862758114646,3.587676948604774,2.952302715626655,2.744060638625243,1.916922612182061
Slovak Republic,2008,10.292734248328557,4.313545391880861,3.5959414584546674,2.9678470700644555,2.760009940032921,1.9459101490553132
Slovak Republic,2009,10.234774830819811,4.316284137047402,3.6041382256588457,2.980618635743943,2.775708849576025,1.9600947840472698
Slovak Republic,2010,10.299542472714334,4.318982930673609,3.609565647394211,2.980618635743943,2.775708849576025,1.9530276168241774
Slovak Republic,2011,10.32355455519109,4.33018762022401,3.6230067099632284,3.005682604407159,2.800325477211381,1.9947003132247452
Slovak Republic,2012,10.33742258645624,4.332176457701836,3.6270040503958487,3.0081547935525483,2.806386101823072,1.9810014688665833
Slovak Republic,2013,10.343356624878535,4.3361423054237695,3.634951112088381,3.017982882488811,2.8183982582710754,2.008214032391468
Slovak Republic,2014,10.369105514411364,4.34136341817273,3.6454498961866,3.034952986707272,2.8390784635086144,2.0412203288596382
Slovak Republic,2015,10.418628489231578,4.338119346855446,3.6375861597263857,3.0252910757955354,2.8273136219290276,2.0149030205422647
Slovak Republic,2016,10.436630184303866,4.345957049079136,3.6519561000093383,3.044522437723423,2.847812143477369,2.0541237336955462
Slovak Republic,2017,10.463420264817152,4.345957049079136,3.6506582412937387,3.042138646368147,2.8449093838194077,2.0412203288596382
Slovak Republic,2018,10.501853029248727,4.347252120094177,3.653252276470785,3.0492730404820207,2.8535925063928684,2.060513531794317
Slovak Republic,2019,10.523003617997182,4.3524156969458065,3.66612246699132,3.065724645374026,2.8735646395797834,2.1162555148025524
Slovak Republic,2020,10.495950678783352,4.342061742267895,3.6454498961866,3.027715319407042,2.8243506567983707,2.0347056478384444
Slovenia,2000,10.310152441952104,4.322969000927612,3.6256733782101436,3.0106208860477417,2.800325477211381,2.001480000210124
Slovenia,2001,10.336471635632023,4.327551132297383,3.632309102625542,3.0228609409422433,2.8183982582710754,2.0149030205422647
Slovenia,2002,10.367531055777883,4.3308296128888175,3.636269503841639,3.0228609409422433,2.8183982582710754,1.9810014688665833
Slovenia,2003,10.398378605578227,4.341966545012683,3.6309854756950335,3.0155349008501706,2.803360380906535,1.9600947840472698
Slovenia,2004,10.44219511057056,4.346494233238806,3.6506582412937387,3.0516399054922867,2.8449093838194073,2.028148247292285
Slovenia,2005,10.478280123122207,4.351724568450086,3.6584202466292277,3.0492730404820207,2.847812143477369,2.008214032391468
Slovenia,2006,10.53249698923656,4.357818279864906,3.6750340472918834,3.084200921541599,2.884800712846709,2.0856720914304723
Slovenia,2007,10.595863945115326,4.3638750826299955,3.6788291182604347,3.08876713952118,2.89314568477889,2.1041341542702074
Slovenia,2008,10.627448785773279,4.366479573761792,3.6926224403927708,3.1112906141882632,2.915064370486536,2.122261538862764
Slovenia,2009,10.539468685432869,4.369077299137071,3.696351468952637,3.1112906141882632,2.915064370486536,2.134166441369082
Slovenia,2010,10.546167877114208,4.374774793771995,3.7074558396868715,3.128951117340214,2.9391619220655967,2.151762203259462
Slovenia,2011,10.550623562382404,4.381660714108117,3.7123518102990785,3.1376657694426573,2.9444389791664403,2.169053700369523
Slovenia,2012,10.518934469112049,4.383580305102672,3.714790835898437,3.1376657694426577,2.9496883350525844,2.157559320943788
Slovenia,2013,10.50930531653722,4.386042948726036,3.7232808808312687,3.1484533605716547,2.9601050959108397,2.1804174590198384
Slovenia,2014,10.535575338904826,4.3954122559266855,3.7364784329132155,3.1633631149379418,2.9780773383152703,2.2027647577118348
Slovenia,2015,10.558474612175962,4.391675060552388,3.730501128804756,3.1570004211501135,2.970414465569701,2.1972245773362196
Slovenia,2016,10.587635502466162,4.39661482963301,3.7412346844478646,3.173878458937465,2.9882040071331994,2.21375387928743
Slovenia,2017,10.637433693911055,4.394810426319558,3.7364784329132155,3.1612467120315646,2.9780773383152703,2.191653532286764
Slovenia,2018,10.676666952868459,4.399105565633359,3.742420221041966,3.1717842173343502,2.9856819377004897,2.2192034840549946
Slovenia,2019,10.704156078578672,4.40096207590132,3.7483269127573564,3.1780538303479458,2.9932291433358724,2.2460147415056513
Slovenia,2020,10.655750747889899,4.388650986625804,3.7220724214697003,3.133317936506554,2.9311937524164198,2.0980179272527715
Spain,2000,10.594377614719823,4.36901552687588,3.708682081410116,3.126760535960395,2.9258461460898246,2.1162555148025524
Spain,2001,10.625879351763826,4.374098951973097,3.716008121502189,3.1376657694426577,2.9391619220655967,2.134166441369082
Spain,2002,10.638935165148771,4.376615680328778,3.717223927123079,3.139832617527748,2.9418039315284354,2.128231705849268
Spain,2003,10.64981982801254,4.377259190952047,3.714790835898437,3.1354942159291497,2.9338568698359038,2.0980179272527715
Spain,2004,10.6632353054159,4.380409474149384,3.728100167267218,3.1570004211501135,2.9601050959108397,2.145931282948669
Spain,2005,10.681238051663907,4.384158506993376,3.7256934272366524,3.152736022363656,2.954910279033736,2.128231705849268
Spain,2006,10.703972798363099,4.392248602145334,3.742420221041966,3.1801349965517702,2.9882040071331994,2.2027647577118348
Spain,2007,10.720187032278789,4.3928821340799455,3.742420221041966,3.1780538303479458,2.9856819377004893,2.191653532286764
Spain,2008,10.711876107466212,4.39661482963301,3.7495040759303713,3.190476350346503,3.0007198150650303,2.2137538792874296
Spain,2009,10.664609121672006,4.400303708709121,3.7577056450437887,3.202746442938317,3.0155349008501706,2.2407096892759584
Spain,2010,10.660945819075355,4.40215799800398,3.7669972333778885,3.2188758248682006,3.0325462466767075,2.272125885509337
Spain,2011,10.650972665378712,4.412502610358003,3.770459441106359,3.2228678461377385,3.039749158970765,2.2823823856765264
Spain,2012,10.621253812982982,4.411910981856814,3.769306703226551,3.216873822197528,3.0325462466767075,2.2617630984737906
Spain,2013,10.610154439360645,4.419780512694556,3.7819143200811256,3.2386784521643803,3.058707072715379,2.3174737054877963
Spain,2014,10.62823437373961,4.421599068297996,3.7853253523821886,3.2445435716167785,3.0633909220278057,2.322387720290225
Spain,2015,10.668816061015727,4.416810926736266,3.776203282285611,3.228826155721369,3.044522437723423,2.277267285009756
Spain,2016,10.696706494465596,4.422799847484328,3.787592927049969,3.246490991901174,3.068052935133617,2.327277705584417
Spain,2017,10.722909607700318,4.422243568141611,3.7864597824528,3.2406373166497136,3.0610517396746335,2.302585092994046
Spain,2018,10.742201490753477,4.424028420806239,3.7898553714539385,3.246490991901174,3.068052935133617,2.322387720290225
Spain,2019,10.754446286740121,4.4288113048982956,3.798854307322508,3.261935314328648,3.084200921541599,2.3513752571634776
Spain,2020,10.63370058581976,4.410756298615053,3.763522997109702,3.2007118542405295,3.0155349008501706,2.224623551524334
Sweden,2000,10.77544723535328,4.377565479000006,3.708682081410116,3.1157350659486873,2.915064370486536,2.1102132003465894
Sweden,2001,10.786278446519573,4.379462374141228,3.7123518102990785,3.122364924487357,2.920469789053444,2.0980179272527715
Sweden,2002,10.80554526057332,4.380104055953252,3.7123518102990785,3.120159851929043,2.917770732084279,2.0856720914304723
Sweden,2003,10.820459062228469,4.383214952719239,3.71965111278069,3.131136910560194,2.9311937524164198,2.1162555148025524
Sweden,2004,10.85747155103391,4.388226885580419,3.728100167267218,3.1463051320333655,2.9496883350525844,2.1400661634962708
Sweden,2005,10.881020915125754,4.388832689100488,3.7293013686128518,3.1463051320333655,2.94706710157271,2.145931282948669
Sweden,2006,10.921095743056831,4.391342859697703,3.735285826928092,3.1570004211501135,2.9601050959108397,2.151762203259462
Sweden,2007,10.945420244595374,4.393213824064446,3.7376696182833684,3.159125820462427,2.962692419475791,2.151762203259462
Sweden,2008,10.928355809021458,4.395682961121367,3.742420221041966,3.1654750481410856,2.9678470700644555,2.163323025660538
Sweden,2009,10.876348993863614,4.398775824456187,3.7471483622379123,3.175968323856924,2.9806186357439426,2.180417459019838
Sweden,2010,10.923738337778424,4.400004307434433,3.7495040759303713,3.175968323856924,2.9831534913471307,2.180417459019838
Sweden,2011,10.94733573771424,4.404307060034603,3.755369195382769,3.184284380098582,2.990719731730447,2.186051276738094
Sweden,2012,10.935784834784007,4.403113706937919,3.753027273937688,3.1801349965517702,2.9856819377004897,2.174751721484161
Sweden,2013,10.938624280080004,4.40618370827909,3.758871825933971,3.190476350346503,2.998229153752578,2.191653532286764
Sweden,2014,10.95140015936582,4.409807869385726,3.765840495250065,3.2007118542405295,3.0081547935525483,2.2192034840549946
Sweden,2015,10.983982230160464,4.409214643975334,3.764682417529437,3.196630215920881,3.005682604407159,2.2027647577118348
Sweden,2016,10.994643284051065,4.4104600110214065,3.7669972333778885,3.2007118542405295,3.0106208860477417,2.21375387928743
Sweden,2017,10.999255833177923,4.41170382917863,3.7693067032265506,3.204776900488699,3.013080911888604,2.2082744135228047
Sweden,2018,11.006490228500619,4.413507576164334,3.7727609380946383,3.2068032436339315,3.0155349008501706,2.2192034840549946
Sweden,2019,11.02152987049963,4.4201620968957265,3.784189633918261,3.2268439945173775,3.0373539482448106,2.256541154492639
Sweden,2020,10.994045658176017,4.4110524983269395,3.768152635008444,3.196630215920881,3.0032042883926917,2.180417459019838
Switzerland,2000,11.116432736855353,4.378024735245555,3.720862499966987,3.139832617527748,2.9418039315284354,2.128231705849268
Switzerland,2001,11.1257387974403,4.384280191007279,3.730501128804756,3.1548704948922883,2.9601050959108397,2.163323025660538
Switzerland,2002,11.11744166693834,4.386832142826809,3.7340917969354845,3.1612467120315646,2.9678470700644555,2.169053700369523
Switzerland,2003,11.109698433548974,4.388711557827249,3.7328963395307104,3.159125820462427,2.962692419475791,2.145931282948669
Switzerland,2004,11.12948274762996,4.395532578421114,3.7483269127573564,3.1822118404966093,2.990719731730447,2.2027647577118348
Switzerland,2005,11.150202469958213,4.397365704440362,3.750679855019383,3.184284380098582,2.990719731730447,2.191653532286764
Switzerland,2006,11.18385531377497,4.4004833063329265,3.7588718259339715,3.1986731175506815,3.0106208860477417,2.2300144001592104
Switzerland,2007,11.213334714990234,4.403561381205623,3.7612001156935624,3.2007118542405295,3.0155349008501706,2.235376343300596
Switzerland,2008,11.228321360045937,4.406630010721815,3.7669972333778885,3.2088254890146994,3.0252910757955354,2.2460147415056513
Switzerland,2009,11.192584758169872,4.407254499600916,3.768152635008444,3.2128577525426376,3.0252910757955354,2.2512917986064953
Switzerland,2010,11.2140882731483,4.409718907926701,3.7739097032985116,3.2188758248682006,3.0325462466767075,2.2617630984737906
Switzerland,2011,11.220938157747215,4.415160615404842,3.7773481021015445,3.224857896545748,3.039749158970765,2.2669579153508943
Switzerland,2012,11.222043512625802,4.415190109212633,3.7762032822856115,3.2208738275308737,3.0349529867072724,2.2460147415056513
Switzerland,2013,11.228307459865913,4.41639860419407,3.7784916128036232,3.224857896545748,3.039749158970765,2.2512917986064953
Switzerland,2014,11.239333386168203,4.421218032253235,3.7875929270499693,3.2386784521643803,3.0516399054922867,2.2823823856765264
Switzerland,2015,11.24426251622381,4.417605640478039,3.7819143200811256,3.224857896545748,3.039749158970765,2.2512917986064953
Switzerland,2016,11.25381803335043,4.42607269454546,3.7954891891721947,3.2503744919275714,3.065724645374026,2.2975725511705014
Switzerland,2017,11.258022443928589,4.425459851104837,3.794364961959914,3.246490991901174,3.0633909220278057,2.292534757140544
Switzerland,2018,11.278859092626279,4.427879853810756,3.798854307322508,3.254242968705492,3.0726933146901194,2.307572634505085
Switzerland,2019,11.283081065158044,4.429683753022595,3.8022081394209395,3.2561716096118976,3.075005454448499,2.3174737054877963
Switzerland,2020,11.254124250962711,4.418840607796598,3.783052624131186,3.2228678461377385,3.0325462466767075,2.224623551524334
United Kingdom,2000,10.674829422003558,4.353388749661615,3.6699514442284173,3.056356895370426,2.850706501503733,2.0541237336955462
United Kingdom,2001,10.696382075481868,4.356615013699547,3.676300671907076,3.068052935133617,2.865053949911875,2.0668627594729756
United Kingdom,2002,10.709945997045969,4.358552030023087,3.6788291182604347,3.0726933146901194,2.8678989020441064,2.0668627594729756
United Kingdom,2003,10.73632638778372,4.362414842782468,3.681351187693145,3.077312260546414,2.8707357833793057,2.060513531794317
United Kingdom,2004,10.754918796355009,4.366231818975758,3.6938669956249757,3.095577608523707,2.89314568477889,2.0980179272527715
United Kingdom,2005,10.775012584739082,4.3700651364650085,3.6975913947159578,3.106826321059578,2.9041650800285006,2.1041341542702074
United Kingdom,2006,10.791190071914086,4.37259202450019,3.7049988359938197,3.1179499062782403,2.920469789053444,2.122261538862764
United Kingdom,2007,10.809313623342003,4.375112543462782,3.708682081410116,3.1245651453969594,2.9258461460898246,2.128231705849268
United Kingdom,2008,10.798952224073123,4.377014092850337,3.7123518102990785,3.128951117340214,2.9338568698359038,2.134166441369082
United Kingdom,2009,10.744081236929492,4.382666673680211,3.7232808808312687,3.1484533605716547,2.952302715626655,2.169053700369523
United Kingdom,2010,10.758329768711475,4.387044511794443,3.7268975213014572,3.1548704948922883,2.9601050959108397,2.174751721484161
United Kingdom,2011,10.761834020859554,4.39384674498855,3.735285826928092,3.1654750481410856,2.975529566236472,2.191653532286764
United Kingdom,2012,10.769857751985304,4.393274119527232,3.735285826928092,3.1633631149379418,2.970414465569701,2.180417459019838
United Kingdom,2013,10.780999493626926,4.394509375698623,3.7364784329132155,3.1654750481410856,2.972975286431375,2.180417459019838
United Kingdom,2014,10.805081555417717,4.398206015368806,3.742420221041966,3.1759683238569245,2.9882040071331994,2.2082744135228047
United Kingdom,2015,10.819143304453174,4.393907002302299,3.735285826928092,3.1654750481410856,2.9729752864313745,2.174751721484161
United Kingdom,2016,10.830599343989935,4.396374430509313,3.7400477406883357,3.173878458937465,2.9806186357439426,2.1972245773362196
United Kingdom,2017,10.85002392431706,4.397605865286278,3.7412346844478646,3.173878458937465,2.9831534913471307,2.191653532286764
United Kingdom,2018,10.857918722930824,4.397605865286278,3.7400477406883357,3.173878458937465,2.9831534913471307,2.191653532286764
United Kingdom,2019,10.868391629138555,4.399435198117127,3.7483269127573564,3.188416617383492,3.0007198150650303,2.2192034840549946
United Kingdom,2020,10.75606897820563,4.386407269541898,3.7232808808312687,3.1484533605716547,2.954910279033736,2.145931282948669
